word,score
now,0.484833333
get,0.533333333
crack,0.6111
guy,0.633333333
pretty,0.948733333
much,0.666666667
sums,0.518533333
love,1
affair,0.416666667
made,0.666666667
easy,0.777766667
switch,0.5238
see,0.777766667
yeah,0.925933333
the,0.583333333
things,0.5926
said,0.666666667
far,0.5
i,0.791666667
glad,0.916666667
gave,0.7143
sense,0.8788
humor,0.8889
via,0.5
great,0.875
close,0.5926
personal,0.7143
event,0.791666667
tonight,0.791666667
st,0.6111
store,0.625
from,0.533333333
companies,0.533333333
experience,0.8
best,0.8485
customer,0.5
service,0.666666667
aside,0.571433333
just,0.666666667
apply,0.6111
job,0.766666667
hope,1
call,0.666666667
laughing,0.952366667
loud,0.4074
think,0.708333333
onto,0.380966667
something,0.666666667
magical,0.952366667
dying,0.393933333
suggested,0.666666667
find,0.777766667
hide,0.533333333
body,0.708333333
saying,0.666666667
registered,0.722233333
here,0.555566667
hoping,0.733333333
actually,0.555566667
any,0.466666667
help,0.666666667
greatly,0.857133333
appreciated,0.8889
wow,0.866666667
deals,0.6389
first,0.75
models,0.766666667
offers,0.666666667
currently,0.555566667
learning,0.733333333
trip,0.722233333
got,0.5
thanks,0.809533333
hand,0.571433333
useful,0.925933333
come,0.533333333
dark,0.481466667
side,0.545466667
hey,0.666666667
send,0.809533333
free,0.791666667
publicly,0.4762
burn,0.333333333
version,0.5926
garden,0.555566667
lunch,0.722233333
break,0.333333333
today,0.583333333
replace,0.7037
bound,0.5
some,0.666666667
teams,0.7037
amazing,0.75
we,0.75
one,0.555566667
education,0.809533333
sweet,0.904766667
when,0.5926
want,0.666666667
done,0.740733333
right,0.809533333
go,0.625
at,0.5
useless,0.333333333
days,0.722233333
unexpected,0.666666667
workshop,0.740733333
yesterday,0.857133333
amount,0.555566667
info,0.566666667
no,0.410266667
question,0.7619
brother,0.636366667
should,0.518533333
over,0.428566667
people,0.7619
bitching,0.333333333
phone,0.625
ever,0.6923
happy,1
way,0.5926
points,0.4762
bus,0.575766667
well,0.866666667
mobile,0.619033333
devices,0.583333333
talking,0.833333333
application,0.583333333
coach,0.636366667
wants,0.555566667
you,0.7143
and,0.555566667
bring,0.6
your,0.571433333
set,0.666666667
red,0.7143
hut,0.666666667
wish,0.866666667
sells,0.694433333
million,0.833333333
units,0.541666667
weekend,0.925933333
jobs,0.75
lives,0.666666667
apologize,0.6111
popular,0.8148
look,0.666666667
argument,0.333333333
incredible,0.8889
better,0.833333333
fixed,0.555566667
battery,0.583333333
drain,0.424233333
problem,0.370366667
replacement,0.633333333
working,0.7
like,0.904766667
ordering,0.466666667
brand,0.527766667
new,0.75
pro,0.722233333
years,0.541666667
old,0.5
miss,0.5238
but,0.533333333
time,0.633333333
blessed,0.809533333
knows,0.333333333
dad,0.8611
girlfriend,0.75
least,0.458333333
waiting,0.333333333
music,0.958333333
replaced,0.629633333
glass,0.444433333
thank,0.777766667
not,0.375
bad,0.428566667
debut,0.571433333
loving,1
technology,0.625
air,0.666666667
another,0.541666667
mention,0.466666667
once,0.606066667
getting,0.666666667
looking,0.777766667
forward,0.666666667
man,0.666666667
longer,0.625
paying,0.571433333
my,0.777766667
she,0.571433333
everything,0.6111
works,0.6
to,0.5926
cloud,0.740733333
totally,0.583333333
company,1
always,0.666666667
is,0.629633333
faster,0.791666667
making,0.583333333
so,0.583333333
going,0.5238
beyond,0.6111
offering,0.8
play,0.851866667
camera,0.583333333
changed,0.666666667
life,0.944433333
reader,0.666666667
owns,0.722233333
web,0.5926
case,0.4762
cracked,0.666666667
walk,0.666666667
laid,0.666666667
next,0.444433333
last,0.4
kind,0.7619
excited,0.833333333
on,0.458333333
class,0.722233333
buy,0.619033333
snow,0.777766667
lion,0.5
used,0.458333333
lost,0.4074
instant,0.619033333
message,0.791666667
moving,0.5926
keep,0.583333333
millions,0.8889
per,0.5926
second,0.4762
this,0.583333333
invested,0.75
year,0.666666667
selling,0.7037
gear,0.518533333
sent,0.733333333
grandma,0.962966667
post,0.6
card,0.7619
using,0.555566667
putting,0.666666667
wash,0.555566667
equivalent,0.666666667
will,0.6111
hear,0.5926
still,0.666666667
alive,0.8889
god,0.777766667
system,0.5238
been,0.5238
smashed,0.333333333
nice,0.833333333
lock,0.533333333
screen,0.6
opening,0.629633333
word,0.5926
sales,0.809533333
top,0.7
four,0.566666667
easter,0.717933333
eggs,0.6111
pull,0.481466667
middle,0.5238
bottom,0.481466667
little,0.555566667
feature,0.633333333
gone,0.533333333
run,0.740733333
beautiful,1
morning,0.708333333
simply,0.625
must,0.444433333
admit,0.555566667
text,0.416666667
tones,0.666666667
ring,0.75
tone,0.6154
received,0.8889
wife,0.904766667
alone,0.333333333
worth,0.787866667
continuing,0.7
honored,0.875
truly,0.933333333
loss,0.333333333
missed,0.3889
cards,0.666666667
local,0.636366667
office,0.555566667
delivered,0.708333333
sunday,0.833333333
need,0.541666667
meet,0.7143
link,0.666666667
amazed,0.851866667
work,0.625
never,0.444433333
feel,0.857133333
worst,0.380966667
speakers,0.7619
good,0.916666667
luck,0.933333333
surviving,0.904766667
welcome,0.866666667
club,0.566666667
what,0.5238
lead,0.7143
search,0.541666667
covers,0.6111
mail,0.833333333
integrated,0.541666667
story,0.8
times,0.633333333
importance,0.8148
architecture,0.6111
retail,0.666666667
success,0.952366667
world,0.7619
due,0.484833333
impressive,0.809533333
genius,0.7143
bar,0.809533333
power,0.6923
showed,0.5238
lasted,0.666666667
day,0.8148
that,0.6154
happened,0.566666667
since,0.5926
edge,0.515166667
it,0.566666667
would,0.6
taken,0.518533333
minutes,0.636366667
write,0.555566667
showing,0.3889
grass,0.625
eye,0.809533333
impressed,0.791666667
space,0.666666667
products,0.666666667
few,0.444433333
required,0.7037
finally,0.666666667
stupid,0.333333333
learned,0.666666667
lesson,0.428566667
absolutely,0.533333333
invented,0.791666667
product,0.791666667
gets,0.5
parents,0.857133333
listening,0.666666667
played,0.666666667
create,0.666666667
within,0.5238
really,0.7619
make,0.625
throw,0.666666667
issues,0.583333333
submitted,0.466666667
support,0.857133333
fixing,0.625
crazy,0.444433333
mad,0.333333333
employee,0.7619
charge,0.571433333
back,0.6111
plate,0.566666667
voice,0.6111
recognition,0.904766667
step,0.619033333
previous,0.466666667
attempts,0.428566667
fuck,0.7143
business,0.4762
customers,0.6111
touch,0.833333333
apparently,0.583333333
put,0.571433333
cap,0.5238
storage,0.6111
tells,0.666666667
full,0.666666667
expensive,0.444433333
most,0.541666667
went,0.518533333
loyalty,0.958333333
lonely,0.333333333
without,0.428566667
silly,0.833333333
needs,0.545466667
hurry,0.583333333
release,0.8889
why,0.625
exchange,0.6111
wait,0.333333333
immediate,0.7143
declined,0.5
request,0.7619
every,0.629633333
article,0.625
fucked,0.7037
future,0.7619
complain,0.333333333
yellow,0.766666667
missing,0.333333333
it..,0.566666667
contacts,0.555566667
pictures,0.740733333
list,0.5238
simple,0.6111
yet,0.566666667
major,0.625
asked,0.5238
dreams,0.757566667
electric,0.625
sleep,0.904766667
was,0.5238
disappointed,0.571433333
answer,0.666666667
opportunity,0.9
error,0.583333333
alert,0.666666667
computer,0.571433333
button,0.5238
die,0.481466667
in,0.5238
a,0.666666667
fucking,0.791666667
oh,0.571433333
obviously,0.5238
nothing,0.380966667
perfect,0.8889
opposite,0.566666667
please,0.833333333
sign,0.5
seriously,0.6
clue,0.666666667
means,0.555566667
boy,0.727266667
could,0.75
harder,0.5
purchased,0.757566667
professional,0.666666667
shit,0.4
ate,0.7143
data,0.566666667
media,0.5
take,0.533333333
tell,0.666666667
give,0.777766667
hours,0.555566667
dear,0.777766667
killed,0.5
lack,0.333333333
if,0.625
ruining,0.4762
turned,0.533333333
utterly,0.666666667
pile,0.6154
sure,0.7
know,0.666666667
almost,0.5
week,0.666666667
paid,0.708333333
match,0.629633333
use,0.625
fix,0.666666667
giving,1
hard,0.428566667
shoot,0.380966667
say,0.571433333
etc..,0.666666667
sound,0.666666667
quality,0.8889
awful..,0.333333333
painfully,0.333333333
its,0.666666667
wise,0.8889
slows,0.5
stuck,0.444433333
half,0.444433333
damage,0.5
sucks,0.5
thorough,0.636366667
steps,0.5
move,0.555566667
cost,0.4762
include,0.571433333
songs,0.925933333
compilation,0.571433333
artist,0.6111
name,0.541666667
he,0.666666667
apt,0.619033333
waited,0.3889
whole,0.619033333
total,0.583333333
chaos,0.428566667
street,0.666666667
feeding,0.8
station,0.6
believe,0.7143
makes,0.571433333
cool,0.708333333
purchase,0.717933333
survey,0.428566667
hate,0.4
ranch,0.833333333
resolve,0.809533333
hero,0.962966667
stand,0.6111
line,0.4762
newest,0.629633333
model,0.733333333
kill,0.333333333
type,0.7
crushed,0.481466667
game,0.666666667
called,0.666666667
forever,0.666666667
tourists,0.8148
taking,0.571433333
already,0.5926
schedule,0.619033333
summer,1
launch,0.583333333
available,0.722233333
appointment,0.444433333
messages,0.733333333
included,0.7
sorry,0.5238
interesting,0.916666667
requires,0.766666667
keyboard,0.571433333
they,0.541666667
around,0.5926
progressed,0.666666667
save,0.8889
function,0.555566667
pages,0.484833333
awful,0.333333333
piece,0.633333333
dollars,0.851866667
slowly,0.458333333
slow,0.370366667
solve,0.916666667
pick,0.555566667
month,0.533333333
setting,0.625
calendar,0.541666667
item,0.7
program,0.555566667
for,0.5238
repair,0.7143
proper,0.666666667
stop,0.583333333
losing,0.333333333
items,0.7037
though,0.555566667
others,0.6389
frustrated,0.458333333
bought,0.7143
ship,0.666666667
turn,0.5238
enabled,0.766666667
plan,0.629633333
handle,0.5
preventing,0.380966667
functions,0.444433333
operating,0.416666667
properly,0.629633333
thing,0.583333333
finish,0.722233333
fast,0.7619
sending,0.791666667
signal,0.555566667
rapidly,0.75
only,0.458333333
two,0.777766667
compact,0.6
flash,0.5
goes,0.583333333
damn,0.466666667
terms,0.5238
conditions,0.555566667
do,0.5
read,0.916666667
probably,0.5238
late,0.444433333
screwed,0.666666667
alarm,0.333333333
dose,0.458333333
decide,0.7037
try,0.7619
sick,0.333333333
officially,0.5238
calling,0.633333333
curse,0.416666667
seeks,0.766666667
patent,0.484833333
war,0.333333333
sought,0.533333333
dead,0.481466667
pain,0.333333333
room,0.555566667
music..,0.958333333
or,0.5
can,0.5
shows,0.666666667
let,0.555566667
site,0.666666667
open,0.636366667
remember,0.757566667
evil,0.625
entering,0.666666667
market,0.7619
issue,0.6154
pissed,0.5
how,0.466666667
certain,0.7
closed,0.518533333
ugh,0.375
page,0.444433333
worse,0.380966667
hockey,0.666666667
mouse,0.555566667
painful,0.428566667
are,0.555566667
invention,0.904766667
lose,0.333333333
account,0.533333333
windows,0.857133333
compatible,0.733333333
care,0.809533333
gay,0.5
restored,0.740733333
restrictions,0.5
none,0.4074
seemingly,0.666666667
endless,0.566666667
loop,0.533333333
calls,0.7
investigate,0.625
terrible,0.333333333
busy,0.541666667
wanted,0.766666667
outside,0.666666667
deliver,0.666666667
daughter,0.777766667
driving,0.625
nuts,0.5238
blames,0.333333333
honest,0.916666667
complete,0.666666667
yes,0.866666667
have,0.7037
poor,0.375
except,0.571433333
batting,0.766666667
had,0.444433333
snatched,0.333333333
thinking,0.636366667
dependent,0.5641
network,0.541666667
connection,0.722233333
utter,0.619033333
frustration,0.4
where,0.636366667
an,0.5
seemed,0.555566667
render,0.625
machine,0.541666667
incapable,0.4074
zero,0.518533333
productivity,0.666666667
committed,0.722233333
soon,0.666666667
plans,0.7619
share,0.916666667
also,0.6
sharing,0.916666667
congratulations,0.904766667
vertical,0.541666667
spaces,0.6111
mission,0.571433333
control,0.666666667
someone,0.7619
explain,0.625
stores,0.6389
opens,0.583333333
succeed,0.916666667
early,0.428566667
files,0.555566667
disappear,0.466666667
lies,0.444433333
definitely,0.666666667
long,0.571433333
check,0.583333333
usage,0.6111
as,0.5
huge,0.555566667
fan,0.740733333
dropped,0.404766667
ball,0.666666667
perhaps,0.541666667
star,0.962966667
wars,0.416666667
voices,0.666666667
dealing,0.6111
brain,0.791666667
anyone,0.466666667
else,0.583333333
seeing,0.851866667
bars,0.633333333
regular,0.7
messed,0.370366667
up..,0.666666667
even,0.666666667
return,0.7037
address,0.625
who,0.629633333
anyway,0.5238
starts,0.666666667
playing,0.851866667
knew,0.4762
pink,0.766666667
hold,0.8889
up,0.666666667
indian,0.717933333
languages,0.666666667
warning,0.5
loose,0.545466667
might,0.4762
ah,0.8
figures,0.566666667
copy,0.583333333
did,0.5926
hell,0.444433333
unhappy,0.444433333
change,0.7143
input,0.666666667
number,0.3889
handled,0.5
blue,0.666666667
disappointment,0.555566667
killing,0.428566667
tragic,0.333333333
impressions,0.629633333
lot,0.533333333
multiple,0.5
trouble,0.5
exercise,0.875
chance,0.666666667
blast,0.5238
ears,0.606066667
quite,0.7143
process,0.481466667
commands,0.333333333
failing,0.333333333
happen,0.5926
design,0.666666667
looks,0.733333333
project,0.533333333
resources,0.7037
needed,0.5238
reliable,1
spoke,0.75
represent,0.666666667
television,0.791666667
background,0.7143
direct,0.625
wrong,0.416666667
perfectly,0.8889
hour,0.571433333
ringing,0.696966667
picking,0.5238
small,0.619033333
base,0.6
original,0.733333333
location,0.583333333
fail,0.333333333
empty,0.433333333
skin,0.666666667
tear,0.375
hit,0.5
cell,0.518533333
trying,0.708333333
throat,0.571433333
searching,0.636366667
timing,0.583333333
force,0.541666667
stuff,0.5238
minute,0.571433333
decides,0.7
upset,0.444433333
failed,0.333333333
finance,0.533333333
bastards,0.5
us,0.8889
white,0.666666667
spend,0.727266667
recover,0.740733333
sounds,0.777766667
difficulties,0.454533333
may,0.571433333
book,0.666666667
served,0.5238
training,0.533333333
extend,0.619033333
test,0.481466667
wasted,0.375
frozen,0.444433333
running,0.555566667
row,0.733333333
hire,0.791666667
staff,0.7037
took,0.555566667
figure,0.5926
told,0.5
needless,0.5
hotel,0.809533333
pay,0.629633333
home,0.944433333
sell,0.666666667
having,0.666666667
surely,0.777766667
causes,0.583333333
problems,0.375
suburbs,0.5238
words,0.619033333
drops,0.481466667
map,0.666666667
states,0.625
designed,0.636366667
decades,0.571433333
standards,0.666666667
ask,0.533333333
takes,0.5238
printed,0.428566667
bummer,0.333333333
fantasy,0.8889
football,0.6389
keeps,0.571433333
cleaned,0.7619
designs,0.666666667
end,0.555566667
key,0.583333333
keys,0.583333333
often,0.5
mine,0.666666667
saved,0.8889
applicable,0.5
order,0.5
remembering,0.666666667
sister,0.833333333
contact,0.571433333
family,0.8148
team,1
too,0.636366667
many,0.666666667
known,0.533333333
protection,0.952366667
maybe,0.666666667
point,0.458333333
forces,0.533333333
ordered,0.4
equipment,0.7619
broke,0.375
guess,0.4
events,0.722233333
there,0.571433333
tried,0.666666667
turning,0.466666667
died,0.481466667
durable,0.666666667
tired,0.366666667
able,0.733333333
serves,0.571433333
purpose,0.733333333
easier,0.777766667
fruits,0.777766667
leading,0.733333333
crowd,0.458333333
agree,0.8889
turns,0.571433333
meant,0.466666667
buying,0.787866667
spending,0.7143
cause,0.636366667
seems,0.571433333
confused,0.333333333
after,0.6
considering,0.533333333
features,0.7037
plus,0.625
stable,0.8889
reaching,0.866666667
uses,0.666666667
completely,0.777766667
warm,0.8889
sometimes,0.722233333
add,0.666666667
remind,0.666666667
programs,0.541666667
heck,0.481466667
art,0.777766667
baby,0.904766667
woods,1
impossible,0.458333333
breaking,0.380966667
continued,0.619033333
policies,0.515166667
disaster,0.444433333
insurance,0.733333333
managed,0.555566667
document,0.428566667
ones,0.533333333
arrogant,0.333333333
happening,0.625
suddenly,0.5641
black,0.666666667
begin,0.740733333
continuously,0.5
images,0.733333333
roll,0.5926
equal,0.777766667
credit,0.8
unless,0.4
fair,0.875
outlook,0.5
ie,0.6111
visual,0.75
elegance,0.708333333
sequence,0.7037
terminal,0.541666667
person,0.75
me,0.708333333
ear,0.606066667
be,0.7619
occur,0.428566667
accounts,0.518533333
folks,0.555566667
ideas,0.722233333
cutting,0.4762
manage,0.6
less,0.333333333
solution,0.866666667
promised,0.833333333
similar,0.7037
bell,0.722233333
forget,0.4074
closing,0.583333333
directions,0.629633333
exclusive,0.625
french,0.6
reported,0.7143
theft,0.375
night,0.7619
light,0.6
together,0.766666667
instead,0.708333333
focus,0.625
car,0.777766667
installed,0.6111
fine,0.708333333
wiped,0.5
watched,0.555566667
consider,0.6389
state,0.625
record,0.733333333
quarter,0.75
bunch,0.5926
fun,0.904766667
possible,0.555566667
named,0.6111
latter,0.619033333
price,0.481466667
earnings,0.757566667
months,0.625
stay,0.7037
competitive,0.666666667
reports,0.583333333
lower,0.5
win,1
hello,0.7619
memories,0.875
coincidence,0.629633333
assistant,0.666666667
tom,0.629633333
results,0.619033333
depends,0.555566667
increasing,0.666666667
revenue,0.733333333
considered,0.6
rather,0.666666667
picture,0.7
friends,0.875
choose,0.740733333
stayed,0.666666667
struggling,0.466666667
blow,0.666666667
minds,0.6111
shut,0.333333333
wednesday,0.666666667
memorial,0.5238
big,0.666666667
device,0.636366667
official,0.583333333
seven,0.625
rules,0.533333333
young,1
foolish,0.533333333
ownership,0.777766667
smell,0.666666667
coming,0.6
out,0.5
remote,0.5926
nobody,0.333333333
household,0.666666667
explored,0.851866667
talked,0.8
speak,0.805566667
contract,0.545466667
factory,0.566666667
unlocked,0.5
holder,0.625
spotted,0.6
plays,0.8148
live,0.777766667
dedicated,0.7619
memory,0.833333333
evolution,0.766666667
ads,0.75
objects,0.5
hip,0.583333333
noticed,0.666666667
added,0.666666667
closet,0.619033333
generation,0.5926
utility,0.566666667
acquisition,0.6111
these,0.5
thought,0.666666667
unique,0.733333333
rug,0.7037
wonder,0.722233333
holding,0.733333333
battle,0.416666667
aye,0.555566667
community,0.7619
saw,0.5926
everyone,0.7619
entire,0.5238
giant,0.571433333
attending,0.629633333
research,0.722233333
says,0.555566667
daily,0.619033333
came,0.5
file,0.555566667
seen,0.636366667
although,0.625
place,0.5926
section,0.555566667
anything,0.5238
purchasing,0.6111
straight,0.666666667
quickly,0.952366667
tube,0.666666667
destroying,0.5
feeling,0.904766667
living,0.75
helpful,0.833333333
moment,0.619033333
spell,0.666666667
saving,0.9
documents,0.458333333
fingers,0.555566667
left,0.583333333
behind,0.466666667
october,0.6111
watch,0.708333333
weird,0.571433333
american,0.5238
define,0.6389
hungry,0.5
founder,0.571433333
friend,0.8889
found,0.533333333
hole,0.583333333
mines,0.583333333
notes,0.541666667
downtown,0.619033333
realized,0.866666667
dude,0.4762
thee,0.6389
all,0.666666667
babies,0.925933333
more,0.541666667
buzz,0.629633333
started,0.75
colleagues,0.666666667
charged,0.566666667
review,0.625
spontaneous,0.944433333
evening,0.666666667
danced,0.7619
outfits,0.606066667
fruit,0.666666667
part,0.444433333
log,0.5238
imagine,0.875
maps,0.666666667
court,0.518533333
cases,0.527766667
that..,0.6154
style,0.833333333
dumb,0.5
brick,0.518533333
mortar,0.541666667
fits,0.6
lined,0.541666667
school,0.5926
couple,0.8
hardware,0.5
bet,0.5
promise,0.75
freaks,0.518533333
following,0.5
meeting..,0.625
growth,0.777766667
areas,0.5238
covered,0.555566667
tomorrow,0.370366667
reserve,0.541666667
of,0.545466667
sold,0.708333333
tab,0.555566667
finger,0.555566667
insert,0.666666667
shares,0.916666667
high,0.733333333
hanging,0.428566667
front,0.518533333
reunion,0.857133333
allow,0.777766667
spinning,0.619033333
wheel,0.666666667
death,0.555566667
clock,0.5
adding,0.7143
easiest,0.740733333
note,0.555566667
surprised,0.952366667
mark,0.666666667
comparison,0.571433333
mainly,0.6
marketing,0.722233333
platform,0.6
obscure,0.5
tax,0.375
hall,0.589733333
pass,0.541666667
rolling,0.666666667
bee,0.666666667
sex,0.925933333
circumstances,0.6
suffering,0.428566667
periods,0.4762
explained,0.625
gain,0.809533333
respect,0.9
alternatives,0.625
squad,0.619033333
talk,0.8
tie,0.566666667
proves,0.583333333
horse,0.722233333
flowers,0.8
shower,0.666666667
honor,0.8889
begging,0.333333333
loved,1
valuable,0.8889
analysis,0.666666667
profits,0.916666667
lines,0.466666667
head,0.4
auto,0.740733333
settle,0.666666667
content,0.629633333
billion,0.740733333
hits,0.5
improves,0.666666667
partners,0.875
social,0.8889
activity,0.8889
returns,0.722233333
smart,0.933333333
sad,0.458333333
relevant,0.833333333
buried,0.380966667
ability,0.857133333
cut,0.5
stood,0.666666667
song,0.944433333
created,0.666666667
thus,0.583333333
beginning,0.722233333
domination,0.416666667
provide,0.805566667
names,0.533333333
with,0.629633333
ice,0.5
cream,0.666666667
sandwich,0.666666667
owners,0.666666667
situation,0.5
figured,0.566666667
net,0.518533333
thinks,0.666666667
packed,0.629633333
session,0.666666667
management,0.583333333
traffic,0.370366667
gift,0.8
careful,0.708333333
patents,0.416666667
guarantee,0.833333333
failure,0.333333333
principal,0.571433333
players,0.733333333
active,0.8
hospital,0.555566667
single,0.6
period,0.433333333
passing,0.6
title,0.541666667
font,0.555566667
across,0.666666667
main,0.5
leaving,0.5238
correct,0.833333333
child,0.791666667
okay,0.7619
poorly,0.363633333
benefit,0.809533333
choice,0.7037
form,0.416666667
component,0.5
changes,0.740733333
announced,0.619033333
continues,0.619033333
bite,0.428566667
angry,0.333333333
odd,0.6
advanced,0.809533333
realize,0.833333333
places,0.629633333
mighty,0.75
alcohol,0.571433333
acts,0.722233333
history,0.666666667
ok,0.7619
policy,0.566666667
access,0.818166667
locked,0.444433333
likely,0.733333333
suit,0.5926
against,0.380966667
cat,0.633333333
partner,0.851866667
placement,0.518533333
effort,0.777766667
stock,0.625
tribute,0.833333333
promoting,0.809533333
start,0.7619
explaining,0.633333333
magazine,0.6
supports,0.8485
magazines,0.8148
adds,0.733333333
lo,0.625
services,0.696966667
legal,0.5
watching,0.619033333
based,0.666666667
public,0.541666667
push,0.444433333
checked,0.629633333
identity,0.533333333
revised,0.666666667
doubt,0.393933333
enough,0.666666667
learn,0.666666667
cope,0.722233333
deal,0.5926
winning,1
dogs,0.809533333
earlier,0.629633333
upstairs,0.666666667
sudden,0.4762
attention,0.5926
tv,0.791666667
reply,0.7143
insist,0.666666667
favorite,0.733333333
color,0.666666667
average,0.6
speed,0.6111
swallow,0.619033333
then,0.6
cheap,0.393933333
etc,0.666666667
happens,0.666666667
while,0.6111
improvements,0.757566667
asking,0.466666667
either,0.6
heard,0.555566667
partnership,0.833333333
convert,0.5238
governor,0.666666667
declares,0.696966667
nearest,0.555566667
beef,0.633333333
liking,0.7143
limited,0.333333333
older,0.5
drew,0.555566667
crash,0.5
his,0.555566667
merge,0.619033333
respond,0.666666667
everywhere,0.75
factories,0.5
concrete,0.555566667
evidence,0.7
loves,1
differs,0.636366667
swallowed,0.518533333
student,0.75
discount,0.6923
which,0.555566667
protect,0.809533333
charges,0.5
likes,0.733333333
listed,0.5
speech,0.666666667
posts,0.555566667
response,0.666666667
brought,0.444433333
opinion,0.7
appear,0.533333333
inventory,0.666666667
center,0.696966667
improvement,0.833333333
trick,0.5
fully,0.625
controlled,0.619033333
nope,0.375
march,0.666666667
remembered,0.6111
strange,0.370366667
group,0.666666667
dropping,0.4
client,0.566666667
our,0.666666667
valley,0.933333333
visit,0.851866667
final,0.3889
native,0.6111
editor,0.555566667
especially,0.766666667
volume,0.555566667
buttons,0.625
brightness,0.777766667
proof,0.555566667
woke,0.619033333
door,0.5926
arrival,0.5
tuesday,0.629633333
options,0.7143
stronger,0.666666667
silver,0.8889
promising,0.9091
mr.,0.571433333
handy,0.75
funny,0.833333333
christmas,0.8889
gifts,0.833333333
self,0.9
strategy,0.666666667
west,0.75
fact,0.666666667
spray,0.5926
painted,0.6
designers,0.625
buddy,0.809533333
brings,0.6
follow,0.416666667
everybody,0.791666667
earth,0.75
wall,0.555566667
security,0.944433333
matter,0.6
rest,0.777766667
mind,0.533333333
past,0.533333333
advance,0.75
weather,0.619033333
stocks,0.666666667
hopeful,0.857133333
cared,0.866666667
bored,0.416666667
suggestions,0.571433333
thursday,0.708333333
spent,0.666666667
standing,0.619033333
rooms,0.6389
afford,0.791666667
wished,0.904766667
selection,0.6
ray,0.866666667
substitute,0.545466667
dough,0.7037
otherwise,0.375
passed,0.555566667
away,0.6111
hearts,0.8
bit,0.571433333
confusing,0.366666667
very,0.6111
helps,0.740733333
build,0.666666667
leap,0.666666667
exciting,0.833333333
boost,0.708333333
manager,0.5
brilliant,0.933333333
superb,0.857133333
videos,0.619033333
fancy,0.866666667
desire,0.7143
referring,0.625
phone..,0.625
debt,0.571433333
released,0.944433333
fallen,0.428566667
five,0.583333333
reasons,0.833333333
telegraph,0.722233333
biggest,0.777766667
threat,0.433333333
shifted,0.428566667
king,0.75
signs,0.333333333
emphasis,0.666666667
effect,0.555566667
efficient,0.740733333
infinite,0.5238
difficult,0.454533333
engine,0.629633333
benefits,0.8148
carriers,0.4762
freaking,0.444433333
locate,0.666666667
wooden,0.619033333
stick,0.6111
ditch,0.481466667
closely,0.625
pleased,0.9091
press,0.375
conference,0.571433333
college,0.7143
scream,0.583333333
ahead,0.518533333
revealed,0.727266667
whenever,0.666666667
keeping,0.666666667
closer,0.666666667
face,0.7619
pleasure,0.875
fantastic,0.833333333
profile,0.571433333
globe,0.4762
accompanying,0.6111
usual,0.6111
neat,0.571433333
frame,0.4762
generator,0.444433333
expected,0.6
inside,0.625
clean,0.75
businesses,0.5
beneficial,0.777766667
thoughts,0.7037
tool,0.583333333
particularly,0.458333333
sentences,0.575766667
according,0.555566667
ugly,0.333333333
ready,1
taste,0.7
dollar,0.851866667
detailed,0.625
raise,0.833333333
essential,0.733333333
tools,0.583333333
adopted,0.571433333
philosophy,0.571433333
polish,0.666666667
register,0.7143
wondering,0.851866667
carrying,0.518533333
november,0.6
literally,0.555566667
combination,0.6111
introduction,0.7619
systems,0.416666667
dream,0.8485
party,0.833333333
intervals,0.5926
real,1
hands,0.7143
bag,0.629633333
beam,0.7143
articles,0.5926
games,0.787866667
capabilities,0.5238
select,0.5926
transferred,0.5
quick,1
politely,0.787866667
taught,0.625
decent,0.733333333
different,0.629633333
positive,0.833333333
idea,0.722233333
blowing,0.428566667
directly,0.583333333
sources,0.633333333
prime,0.555566667
books,0.733333333
interested,0.925933333
headed,0.541666667
toys,1
amazing..,0.75
gallery,0.545466667
includes,0.629633333
three,0.6
scores,0.7143
report,0.571433333
hyper,0.722233333
transfer,0.666666667
protocol,0.5238
along,0.619033333
delay,0.454533333
display,0.666666667
event..,0.791666667
neither,0.428566667
peas,0.484833333
discuss,0.727266667
planet,0.666666667
superior,0.666666667
current,0.7037
conversations,0.722233333
automatically,0.666666667
expanded,0.666666667
announcement,0.666666667
smooth,0.9
built,0.5238
introduced,0.722233333
mode,0.5
starting,0.666666667
curious,0.733333333
shore,0.833333333
tons,0.625
FALSE,0.444433333
awkward,0.333333333
load,0.533333333
threaten,0.416666667
during,0.518533333
august,0.777766667
september,0.666666667
has,0.5926
uphill,0.4762
parker,0.444433333
doing,0.6111
lecture,0.4762
financial,0.555566667
economics,0.484833333
theme,0.606066667
introduce,0.818166667
however,0.5
goof,0.5238
hated,0.433333333
interference,0.5238
presentation,0.541666667
horrible,0.424233333
stream,0.722233333
source,0.6111
code,0.5238
skills,0.857133333
fails,0.333333333
perform,0.629633333
stage,0.75
shipping,0.5
dates,0.857133333
demonstration,0.6
performance,0.740733333
leave,0.666666667
beat,0.444433333
several,0.666666667
compete,0.740733333
launched,0.533333333
latest,0.571433333
theater,0.8
own,0.7143
sets,0.6111
tip,0.7143
considers,0.666666667
expect,0.8
by,0.5
same,0.625
understand,0.809533333
posted,0.566666667
suggests,0.583333333
downward,0.4
important,0.809533333
density,0.5926
heart,0.8889
those,0.583333333
collaboration,0.619033333
transition,0.666666667
effects,0.5926
industry,0.7037
revolution,0.733333333
seal,0.791666667
supreme,0.777766667
console,0.555566667
traditional,0.740733333
result,0.666666667
track,0.444433333
landing,0.5
conversion,0.6111
ad,0.722233333
curve,0.5
planning,0.666666667
rival,0.380966667
about,0.571433333
sites,0.666666667
host,0.7619
africa,0.7143
changing,0.7619
countries,0.633333333
companion,1
box,0.428566667
payment,0.3889
details,0.583333333
blocked,0.444433333
receive,0.916666667
juice,0.809533333
tips,0.7037
creep,0.428566667
waking,0.722233333
news,0.5926
block,0.380966667
sheet,0.518533333
reveal,0.7619
surprising,0.916666667
mentioned,0.625
comes,0.6111
instruments,0.777766667
newer,0.666666667
competition,0.625
privacy,0.809533333
core,0.583333333
applications,0.5
acceleration,0.7619
carry,0.458333333
pure,0.857133333
determine,0.7037
firms,0.541666667
investment,0.8148
decisions,0.757566667
solely,0.666666667
restrict,0.5238
engines,0.7
supported,0.857133333
wanting,0.571433333
jump,0.444433333
board,0.444433333
promotion,0.8889
fortunately,0.791666667
sadly,0.416666667
captain,0.619033333
movie,0.809533333
fight,0.444433333
mob,0.380966667
notified,0.5238
reveals,0.857133333
pathetic,0.375
suite,0.7143
including,0.766666667
variety,0.791666667
ways,0.5926
engineer,0.666666667
intended,0.666666667
become,0.555566667
famous,0.833333333
TRUE,0.8
discover,0.766666667
critical,0.444433333
information,0.5926
announce,0.625
belong,0.7619
sum,0.541666667
underlying,0.466666667
reasoning,0.666666667
round,0.666666667
women,0.9091
fellow,0.555566667
helping,0.8
circles,0.6
into,0.571433333
development,0.787866667
springs,0.777766667
drink,0.6111
barometer,0.666666667
allowing,0.583333333
bunny,0.8611
replies,0.722233333
their,0.606066667
continue,0.619033333
reading,0.809533333
undoubtedly,0.666666667
tough,0.541666667
cast,0.5
wide,0.555566667
mike,0.541666667
smile,0.75
other,0.428566667
competitors,0.583333333
ill,0.5
suggesting,0.740733333
universe,0.857133333
advantage,0.857133333
profound,0.757566667
reporting,0.666666667
denial,0.454533333
normal,0.6111
money,0.925933333
confirmed,0.533333333
short,0.375
supply,0.619033333
secure,0.809533333
massive,0.625
availability,0.857133333
raises,0.666666667
weeks,0.625
experiment,0.619033333
mouth,0.666666667
ago,0.533333333
bridge,0.619033333
crew,0.666666667
coverage,0.619033333
health,0.851866667
men,0.791666667
children,0.851866667
guns,0.566666667
engineers,0.6
votes,0.5
tested,0.515166667
liked,0.833333333
examine,0.5926
lovers,1
chart,0.5238
were,0.555566667
beating,0.4
village,0.777766667
related,0.75
intent,0.583333333
down,0.433333333
despite,0.555566667
threw,0.666666667
standard,0.6111
pleasant,0.866666667
indeed,0.666666667
led,0.6111
does,0.666666667
private,0.666666667
eyes,0.777766667
duly,0.583333333
noted,0.555566667
recent,0.722233333
study,0.7
positions,0.666666667
ton,0.541666667
followed,0.5926
abstract,0.555566667
libraries,0.666666667
bill,0.5926
gross,0.4762
develop,0.666666667
lots,0.533333333
resolution,0.791666667
touching,0.9
catch,0.625
sometime,0.708333333
colleges,0.666666667
recently,0.733333333
unified,0.833333333
cent,0.666666667
improve,0.833333333
myself,0.851866667
recording,0.722233333
continuous,0.533333333
talks,0.833333333
developed,0.625
tap,0.533333333
meeting,0.625
discussing,0.583333333
pin,0.575766667
whether,0.5238
connected,0.75
scale,0.625
reverse,0.541666667
crime,0.5
wear,0.6389
capability,0.666666667
participated,0.7037
choices,0.733333333
relevance,0.866666667
rich,0.809533333
communications,0.8889
giants,0.5238
interest,0.8889
eating,0.7619
offer,0.6111
earned,0.757566667
cash,0.833333333
coast,0.555566667
portland,0.5
kids,0.875
safe,0.875
safety,0.9
students,0.809533333
encourage,0.791666667
careers,0.904766667
explains,0.666666667
enjoy,0.75
gives,0.708333333
solutions,0.958333333
registration,0.533333333
later,0.555566667
scientist,0.5
extent,0.575766667
sponsors,0.8889
delegates,0.5926
target,0.545466667
errors,0.619033333
campus,0.533333333
building,0.619033333
bringing,0.5926
science,0.541666667
fiction,0.708333333
fellows,0.7
poised,0.583333333
action,0.666666667
tries,0.583333333
combine,0.555566667
became,0.666666667
borders,0.533333333
tests,0.458333333
enterprise,0.75
unfair,0.333333333
assessment,0.5
opportunities,0.9091
tour,0.708333333
boot,0.533333333
reaction,0.666666667
propaganda,0.466666667
image,0.7619
composite,0.708333333
creating,0.6
individual,0.708333333
technological,0.533333333
sale,0.857133333
presents,0.7619
desired,0.833333333
provided,0.666666667
excellent,0.7143
imitation,0.625
fall,0.527766667
funds,0.708333333
gates,0.555566667
foundation,0.541666667
commercial,0.625
arc,0.5238
speaking,0.8
framework,0.6
laws,0.5
law,0.5
victim,0.333333333
victims,0.333333333
workers,0.5238
chief,0.619033333
executive,0.75
six,0.5238
them,0.5238
creepy,0.428566667
again,0.6
produce,0.619033333
lobby,0.633333333
politicians,0.333333333
seem,0.541666667
acceptable,0.629633333
sitting,0.5
parts,0.555566667
neck,0.541666667
join,0.740733333
happier,0.925933333
recruit,0.6
discussion,0.666666667
grab,0.5
nearly,0.541666667
lean,0.5
concept,0.5
corporation,0.5
difference,0.538466667
alongside,0.625
opinions,0.733333333
blew,0.444433333
water,0.833333333
accused,0.333333333
extreme,0.866666667
avoided,0.5
negative,0.375
comments,0.633333333
employees,0.7436
falling,0.4
wave,0.8
hay,0.4762
preaching,0.466666667
values,0.857133333
agency,0.583333333
excuse,0.722233333
unproductive,0.444433333
husband,0.866666667
interests,0.833333333
forced,0.444433333
enemies,0.5
leaves,0.666666667
gate,0.5238
hot,0.916666667
moron,0.333333333
drop,0.428566667
attributed,0.533333333
worried,0.416666667
trial,0.416666667
alleged,0.4
practices,0.541666667
concluded,0.5238
ultimate,0.722233333
catastrophe,0.416666667
mr,0.571433333
plot,0.5641
unable,0.333333333
german,0.518533333
federal,0.5
lie,0.380966667
exception,0.5
studies,0.5238
blame,0.333333333
sledgehammer,0.393933333
blues,0.433333333
sake,0.571433333
friendship,0.833333333
aggressive,0.4
corporate,0.5238
consumer,0.633333333
attacks,0.333333333
freedom,0.733333333
ages,0.533333333
faith,0.809533333
lifted,0.416666667
clear,0.818166667
third,0.619033333
letter,0.6
leader,0.583333333
rule,0.481466667
darkness,0.380966667
logic,0.5238
scientists,0.606066667
influential,0.7619
specialist,0.8
lucky,0.952366667
paper,0.428566667
numbers,0.533333333
novel,0.571433333
loses,0.333333333
technical,0.416666667
pack,0.481466667
gentle,0.7619
doomed,0.4074
quote,0.666666667
episode,0.733333333
worked,0.5238
surface,0.518533333
talent,0.8889
central,0.555566667
boxes,0.428566667
holiday,0.904766667
season,0.791666667
joint,0.5
vital,0.75
attend,0.583333333
participation,0.733333333
weep,0.333333333
beg,0.333333333
mercy,0.666666667
suppose,0.4762
enable,0.766666667
basic,0.666666667
insight,0.8485
drive,0.7037
organizations,0.595233333
functioning,0.629633333
spanish,0.625
chairs,0.6
interviews,0.666666667
minority,0.466666667
university,0.809533333
alternative,0.571433333
rid,0.5
mess,0.333333333
desk,0.5926
survived,0.8
evenings,0.833333333
allows,0.666666667
arbitrary,0.444433333
everyday,0.5926
surfaces,0.555566667
duty,0.5
modern,0.555566667
warfare,0.428566667
dancers,0.8
nowhere,0.4
near,0.666666667
loads,0.518533333
impact,0.5
summary,0.5238
planned,0.666666667
feet,0.458333333
movement,0.619033333
enterprises,0.666666667
approach,0.5926
handling,0.5
rain,0.833333333
circle,0.583333333
rocking,0.666666667
conflict,0.333333333
expert,0.7143
supporting,0.9
raw,0.333333333
associations,0.571433333
summit,0.5238
walls,0.6111
clothes,0.666666667
alternate,0.619033333
between,0.555566667
rows,0.666666667
panel,0.428566667
house,0.666666667
interviewed,0.666666667
covering,0.5926
interaction,0.7143
engaged,0.740733333
experts,0.666666667
speaks,0.722233333
dawn,0.722233333
tim,0.6111
series,0.708333333
role,0.555566667
operations,0.444433333
under,0.555566667
vision,0.7619
costs,0.541666667
low,0.481466667
pacific,0.666666667
applies,0.466666667
critics,0.4
migrating,0.5238
branch,0.583333333
intelligence,0.8718
studio,0.619033333
wonderful,0.952366667
course,0.629633333
applying,0.619033333
road,0.666666667
forms,0.466666667
newly,0.629633333
print,0.428566667
serious,0.7143
shots,0.333333333
view,0.833333333
campaign,0.515166667
arrive,0.533333333
regarding,0.944433333
sugar,0.809533333
structure,0.5926
leaning,0.5
fit,0.809533333
department,0.5926
justice,0.875
began,0.666666667
promises,0.904766667
language,0.633333333
county,0.575766667
published,0.7
blessing,0.7619
feels,0.666666667
amateur,0.333333333
obvious,0.484833333
exam,0.571433333
prompt,0.666666667
elevated,0.666666667
silently,0.619033333
academy,0.666666667
east,0.6389
southern,0.722233333
spring,0.933333333
installation,0.6111
director,0.571433333
consulting,0.571433333
trade,0.625
goods,0.708333333
because,0.571433333
vote,0.6
developing,0.805566667
jet,0.75
boss,0.481466667
monitoring,0.444433333
heaven,0.857133333
player,0.733333333
additional,0.6111
internal,0.6
rights,0.727266667
danger,0.444433333
example,0.708333333
pretending,0.5238
claim,0.571433333
potential,0.851866667
qualifications,0.733333333
views,0.7037
lay,0.666666667
gold,0.8788
buys,0.733333333
show,0.75
dozens,0.5926
practice,0.6
exams,0.555566667
emergency,0.533333333
seats,0.629633333
projector,0.428566667
south,0.722233333
tied,0.555566667
clients,0.541666667
balance,0.722233333
government,0.484833333
film,0.666666667
through,0.583333333
pocket,0.583333333
operator,0.571433333
follows,0.583333333
seeking,0.8148
consideration,0.75
picked,0.571433333
shot,0.333333333
custom,0.533333333
sort,0.619033333
categories,0.6
titles,0.541666667
wired,0.5
computing,0.6111
escape,0.666666667
collecting,0.571433333
physical,0.7
experiences,0.722233333
driver,0.629633333
administrator,0.428566667
walked,0.777766667
landscape,0.6
qualify,0.733333333
eight,0.5926
adoption,0.555566667
practical,0.541666667
national,0.666666667
suggest,0.583333333
believes,0.7619
complicated,0.3889
require,0.6
yearly,0.5
comment,0.5
extends,0.571433333
screens,0.629633333
sizes,0.444433333
freezing,0.5
authorized,0.555566667
hat,0.541666667
accelerated,0.722233333
genuine,0.833333333
fake,0.4
table,0.666666667
strongly,0.666666667
recommend,0.833333333
contest,0.7619
unfortunately,0.444433333
area,0.541666667
clothing,0.7
advertising,0.666666667
debate,0.583333333
allowed,0.666666667
pen,0.606066667
gray,0.5
anti,0.333333333
virus,0.333333333
exposed,0.666666667
kept,0.571433333
fell,0.4762
apart,0.370366667
exists,0.833333333
complex,0.3889
angle,0.571433333
contrast,0.555566667
bullet,0.444433333
acquire,0.733333333
exact,0.619033333
appears,0.625
resulted,0.5926
decision,0.7
fresh,0.7143
disclosed,0.481466667
extended,0.625
leadership,0.666666667
pose,0.7381
capture,0.333333333
veteran,0.708333333
natural,0.777766667
unlike,0.481466667
creation,0.833333333
profit,0.8889
testing,0.5
premium,0.6
basically,0.722233333
human,0.8148
capital,0.5926
approaches,0.5926
wild,0.7037
followers,0.4
initiative,0.8889
off,0.380966667
slightly,0.4
concerned,0.444433333
abandoned,0.380966667
mood,0.666666667
bed,0.791666667
sit,0.5238
providing,0.787866667
progressive,0.629633333
writing,0.666666667
answers,0.629633333
marks,0.629633333
questions,0.666666667
characters,0.666666667
scares,0.416666667
laying,0.619033333
nervous,0.5
etc.,0.666666667
prefer,0.625
forth,0.5238
enjoying,0.722233333
entertaining,0.722233333
caught,0.4762
letting,0.629633333
bird,0.7619
limit,0.5
now..,0.484833333
telling,0.666666667
replied,0.75
land,0.583333333
fat,0.375
capacity,0.5238
whale,0.777766667
artificial,0.4762
conversation,0.7037
stressed,0.370366667
midnight,0.666666667
lord,0.740733333
acting,0.583333333
met,0.518533333
kissed,0.916666667
kiss,0.933333333
coincide,0.7
swear,0.5238
age,0.6
seconds,0.633333333
birthday,0.8889
girls,0.875
wake,0.5
dentist,0.6111
quit,0.416666667
laugh,0.952366667
connections,0.555566667
son,0.933333333
trends,0.625
adult,0.8
swim,0.866666667
appeal,0.555566667
changes..,0.740733333
pound,0.6
aim,0.857133333
fox,0.555566667
girl,0.6111
mean,0.416666667
bulletin,0.518533333
engage,0.6923
socialize,1
convinced,0.444433333
caring,0.777766667
don,0.533333333
ignore,0.444433333
blade,0.555566667
streets,0.666666667
shift,0.3889
worry,0.380966667
jesus,0.875
emphasize,0.666666667
greater,0.8611
mane,0.6
her,0.7619
kid,0.8485
reviewing,0.625
grew,0.7037
classic,0.619033333
moments,0.619033333
cracking,0.481466667
blank,0.533333333
feed,0.75
forgive,0.866666667
rough,0.541666667
pray,0.629633333
centuries,0.5238
till,0.5238
god.,0.777766667
rock,0.6111
strategic,0.794866667
actual,0.666666667
stranger,0.380966667
hurt,0.4762
more..,0.541666667
feelings,0.777766667
becoming,0.619033333
interview,0.5926
identify,0.740733333
classroom,0.5238
perceived,0.633333333
slaps,0.333333333
frown,0.4762
rocks,0.4762
newspaper,0.566666667
progress,0.75
sensible,0.916666667
monday,0.666666667
purple,0.666666667
both,0.541666667
peace,0.933333333
bay,0.777766667
puss,0.625
sleeping,0.833333333
grown,0.7
woman,0.866666667
occupy,0.428566667
regardless,0.833333333
remain,0.555566667
humble,0.809533333
spare,0.777766667
shared,0.958333333
drugs,0.3889
severe,0.4074
back..,0.6111
seconds..,0.633333333
ham,0.7037
precious,0.857133333
judge,0.583333333
honey,0.866666667
joining,0.625
flirting,0.740733333
forgotten,0.375
somebody,0.75
somehow,0.696966667
razor,0.416666667
forgot,0.370366667
freaked,0.428566667
philosopher,0.629633333
amusing,1
nick,0.545466667
bathroom,0.633333333
tall,0.791666667
responses,0.619033333
being,0.708333333
delight,0.791666667
personally,0.708333333
blocks,0.625
yet..,0.566666667
fans,0.777766667
bother,0.333333333
stare,0.466666667
possibilities,0.666666667
guests,0.933333333
awfully,0.333333333
cross,0.428566667
hairs,0.444433333
fleet,0.5238
vehicle,0.833333333
birds,0.733333333
nest,0.619033333
waste,0.333333333
touched,0.733333333
city,0.7
seek,0.777766667
treat,0.916666667
alright,0.733333333
dreaming,0.8889
fuel,0.5
soul,0.925933333
jail,0.380966667
sooner,0.666666667
heavily,0.466666667
networks,0.5
truck,0.666666667
yourself,0.666666667
healthy,1
permission,0.7
is..,0.629633333
statement,0.625
runs,0.696966667
member,0.6
express,0.740733333
marijuana,0.541666667
sing,0.944433333
increase,0.733333333
count,0.416666667
bowl,0.5